title,rating,nr_of_ratings,directors,runtime,genres,countries,year,actors
Parasite,4.60,960591,Bong Joon-ho,133,"Comedy, Drama, Thriller",South Korea,2019,"Song Kang-ho, Lee Sun-kyun, Cho Yeo-jeong, Choi Woo-shik, Park So-dam, Lee Jung-eun, Jang Hye-jin, Park Myung-hoon, Jung Ji-so, Jung Hyeon-jun, Park Keun-rok, Jung Yi-seo, Cho Jae-myung, Jeong Ik-han, Kim Gyu-baek, Ahn Seong-bong, Yoon Young-woo, Park Jae-wook, Lee Dong-yong, Jeon Eun-mi, Kim Geon, Lee Joo-hyung, Lee Ji-hye, Kim Bo-ryeong, Park Hye-sook, Baek Seung-hwan, Riccardo Ferraresso, Ko Kwan-jae, Lee Si-hoon, Seo Bok-hyeon, Shim Soo-mi, Yoon Hye-ree, Andreas Fronk, Anna Elisabeth Rihlmann, Rosie Peralta, Shin Seung-min, Park Seo-jun, Kwak Sin-ae, Kim Yeong-jo, Choi Jeong-hyun
"
Come and See,4.59,77988,Elem Klimov,142,"Drama, History, War",USSR,1985,"Aleksei Kravchenko, Olga Mironova, Liubomiras Laucevicius, Vladas Bagdonas, Viktors Lorencs, Jüri Lumiste, Tatyana Shestakova, Kazimir Rabetsky, Yevgeni Tilicheyev, Aleksandr Berda, Vasiliy Domrachyov, Evgeniy Kryzhanovskiy, Anatoly Slivnikov, Pyotr Merkuryev, Gennady Matytskiy, Valentin Mishatkin, Igor Gnevashev, Viktor Manaev, Georgiy Strokov, Oleg Shapko, Aleksandra Rovenskikh, Svetlana Zelenkovskaya, Adolf Hitler
"
Harakiri,4.55,37557,Masaki Kobayashi,135,"Action, Drama, History",Japan,1962,"Tatsuya Nakadai, Akira Ishihama, Shima Iwashita, Tetsurō Tamba, Masao Mishima, Ichirô Nakatani, Kei Satō, Yoshio Inaba, Hisashi Igawa, Tōru Takeuchi, Yoshirô Aoki, Tatsuo Matsumura, Akiji Kobayashi, Kôichi Hayashi, Ryûtarô Gomi, Jo Azumi, Nakajirô Tomita, Shichisaburo Amatsu, Kenzô Tanaka, Shin Nakahara, Tsuneo Ikeda, Minoru Miyagi, Takaaki Kadota, Ichiro Yamamoto, Gen Takasugi, Satoshi Nishida, Tetsuro Komiyama, Shûichirô Narita, Noboru Kasuga, Shinpachi Kura, Kenji Hayashi, Shôtarô Hayashi, Shimezo Kataoka, Bunya Ozawa, Konosuke Takemoto, Rentaro Mikuni
"
The Godfather,4.54,438382,Francis Ford Coppola,175,"Crime, Drama",United States of America,1972,"Marlon Brando, Al Pacino, James Caan, Robert Duvall, Richard S. Castellano, Diane Keaton, Talia Shire, Gianni Russo, Sterling Hayden, Al Lettieri, Abe Vigoda, John Cazale, Richard Conte, John Marley, Rudy Bond, Al Martino, Morgana King, Lenny Montana, John Martino, Alex Rocco, Salvatore Corsitto, Tony Giorgio, Victor Rendina, Simonetta Stefanelli, Saro Urzì, Sofia Coppola, Louis Guss, Gabriele Torrei, Tony King, Richard Bright, Vito Scotti, Tere Livrano, Julie Gregg, Angelo Infanti, Corrado Gaipa, Franco Citti, Max Brandt, Carmine Coppola, Roman Coppola, Don Costello, Robert Dahdah, Gray Frederickson, Ron Gilbert, Sonny Grosso, Joe Lo Grippo, Randy Jurgensen, Tony Lip, Lou Martini Jr., Raymond Martino, Joseph Medaglia, Rick Petrucelli, Sal Richards, Tom Rosqui, Frank Sivero, Filomena Spagnuolo, Nick Vallelonga, Joe Spinell, Conrad Yama
"
The Godfather: Part II,4.53,257409,Francis Ford Coppola,202,"Crime, Drama",United States of America,1974,"Al Pacino, Robert De Niro, Robert Duvall, Diane Keaton, John Cazale, Talia Shire, Lee Strasberg, Michael V. Gazzo, G. D. Spradlin, Richard Bright, Francesca De Sapio, Oreste Baldini, Gastone Moschin, Giuseppe Sillato, Bruno Kirby, Frank Sivero, Morgana King, Marianna Hill, Leopoldo Trieste, Dominic Chianese, Fay Spain, Harry Dean Stanton, Danny Aiello, Roger Corman, William Bowers, James Caan, Tom Rosqui, Amerigo Tot, Troy Donahue, John Aprea, Abe Vigoda, Tere Livrano, Gianni Russo, Maria Carta, Mario Cotone, Carmine Caridi, Carmine Foresta, Joe Spinell, Kathleen Beller, Ivonne Coll, Roman Coppola, Sofia Coppola, Sho Kosugi, James Gounaris, Nick Discenza, Joseph Medaglia, Joseph Della Sorte, Carmen Argenziano, Joe Lo Grippo, Ezio Flagello, Livio Giorgi, Saveria Mazzola, Tito Alba, Johnny Naranjo, Elda Maida, Salvatore Po, Ignazio Pappalardo, Andrea Maugeri, Peter LaCorte, Vincent Coppola, Peter Donat, Tom Dahlgren, Phil Feldman, Joe De Nicola, Edward Van Sickle, Gabriella Belloni, Venancia Grangerard, Erica Yohn, Gary Kurtz, Connie Mason, Frank Pesce, Victor Pujols Faneyte, Julie Gregg, Larry Guardino, Buck Houghton, Richard Matheson, John Megna, Jay Rasumny, Filomena Spagnuolo, Julian Voloshin, Italia Coppola
"
Seven Samurai,4.52,108908,Akira Kurosawa,207,"Action, Drama",Japan,1954,"Song Kang-ho, Lee Sun-kyun, Cho Yeo-jeong, Choi Woo-shik, Park So-dam, Lee Jung-eun, Jang Hye-jin, Park Myung-hoon, Jung Ji-so, Jung Hyeon-jun, Park Keun-rok, Jung Yi-seo, Cho Jae-myung, Jeong Ik-han, Kim Gyu-baek, Ahn Seong-bong, Yoon Young-woo, Park Jae-wook, Lee Dong-yong, Jeon Eun-mi, Kim Geon, Lee Joo-hyung, Lee Ji-hye, Kim Bo-ryeong, Park Hye-sook, Baek Seung-hwan, Riccardo Ferraresso, Ko Kwan-jae, Lee Si-hoon, Seo Bok-hyeon, Shim Soo-mi, Yoon Hye-ree, Andreas Fronk, Anna Elisabeth Rihlmann, Rosie Peralta, Shin Seung-min, Park Seo-jun, Kwak Sin-ae, Kim Yeong-jo, Choi Jeong-hyun
"
12 Angry Men,4.52,224461,Sidney Lumet,97,Drama,United States of America,1957,"Aleksei Kravchenko, Olga Mironova, Liubomiras Laucevicius, Vladas Bagdonas, Viktors Lorencs, Jüri Lumiste, Tatyana Shestakova, Kazimir Rabetsky, Yevgeni Tilicheyev, Aleksandr Berda, Vasiliy Domrachyov, Evgeniy Kryzhanovskiy, Anatoly Slivnikov, Pyotr Merkuryev, Gennady Matytskiy, Valentin Mishatkin, Igor Gnevashev, Viktor Manaev, Georgiy Strokov, Oleg Shapko, Aleksandra Rovenskikh, Svetlana Zelenkovskaya, Adolf Hitler
"
The Human Condition III: A Soldier's Prayer,4.52,6146,Masaki Kobayashi,190,"Drama, History, War",Japan,1961,"Tatsuya Nakadai, Akira Ishihama, Shima Iwashita, Tetsurō Tamba, Masao Mishima, Ichirô Nakatani, Kei Satō, Yoshio Inaba, Hisashi Igawa, Tōru Takeuchi, Yoshirô Aoki, Tatsuo Matsumura, Akiji Kobayashi, Kôichi Hayashi, Ryûtarô Gomi, Jo Azumi, Nakajirô Tomita, Shichisaburo Amatsu, Kenzô Tanaka, Shin Nakahara, Tsuneo Ikeda, Minoru Miyagi, Takaaki Kadota, Ichiro Yamamoto, Gen Takasugi, Satoshi Nishida, Tetsuro Komiyama, Shûichirô Narita, Noboru Kasuga, Shinpachi Kura, Kenji Hayashi, Shôtarô Hayashi, Shimezo Kataoka, Bunya Ozawa, Konosuke Takemoto, Rentaro Mikuni
"
A Dog's Will,4.50,27649,Guel Arraes,104,"Adventure, Comedy",Brazil,2000,"Marlon Brando, Al Pacino, James Caan, Robert Duvall, Richard S. Castellano, Diane Keaton, Talia Shire, Gianni Russo, Sterling Hayden, Al Lettieri, Abe Vigoda, John Cazale, Richard Conte, John Marley, Rudy Bond, Al Martino, Morgana King, Lenny Montana, John Martino, Alex Rocco, Salvatore Corsitto, Tony Giorgio, Victor Rendina, Simonetta Stefanelli, Saro Urzì, Sofia Coppola, Louis Guss, Gabriele Torrei, Tony King, Richard Bright, Vito Scotti, Tere Livrano, Julie Gregg, Angelo Infanti, Corrado Gaipa, Franco Citti, Max Brandt, Carmine Coppola, Roman Coppola, Don Costello, Robert Dahdah, Gray Frederickson, Ron Gilbert, Sonny Grosso, Joe Lo Grippo, Randy Jurgensen, Tony Lip, Lou Martini Jr., Raymond Martino, Joseph Medaglia, Rick Petrucelli, Sal Richards, Tom Rosqui, Frank Sivero, Filomena Spagnuolo, Nick Vallelonga, Joe Spinell, Conrad Yama
"
Spirited Away,4.47,527914,Hayao Miyazaki,125,"Animation, Family, Fantasy",Japan,2001,"Al Pacino, Robert De Niro, Robert Duvall, Diane Keaton, John Cazale, Talia Shire, Lee Strasberg, Michael V. Gazzo, G. D. Spradlin, Richard Bright, Francesca De Sapio, Oreste Baldini, Gastone Moschin, Giuseppe Sillato, Bruno Kirby, Frank Sivero, Morgana King, Marianna Hill, Leopoldo Trieste, Dominic Chianese, Fay Spain, Harry Dean Stanton, Danny Aiello, Roger Corman, William Bowers, James Caan, Tom Rosqui, Amerigo Tot, Troy Donahue, John Aprea, Abe Vigoda, Tere Livrano, Gianni Russo, Maria Carta, Mario Cotone, Carmine Caridi, Carmine Foresta, Joe Spinell, Kathleen Beller, Ivonne Coll, Roman Coppola, Sofia Coppola, Sho Kosugi, James Gounaris, Nick Discenza, Joseph Medaglia, Joseph Della Sorte, Carmen Argenziano, Joe Lo Grippo, Ezio Flagello, Livio Giorgi, Saveria Mazzola, Tito Alba, Johnny Naranjo, Elda Maida, Salvatore Po, Ignazio Pappalardo, Andrea Maugeri, Peter LaCorte, Vincent Coppola, Peter Donat, Tom Dahlgren, Phil Feldman, Joe De Nicola, Edward Van Sickle, Gabriella Belloni, Venancia Grangerard, Erica Yohn, Gary Kurtz, Connie Mason, Frank Pesce, Victor Pujols Faneyte, Julie Gregg, Larry Guardino, Buck Houghton, Richard Matheson, John Megna, Jay Rasumny, Filomena Spagnuolo, Julian Voloshin, Italia Coppola
"
High and Low,4.46,34279,Akira Kurosawa,142,"Crime, Drama, Mystery, Thriller",Japan,1963,"Song Kang-ho, Lee Sun-kyun, Cho Yeo-jeong, Choi Woo-shik, Park So-dam, Lee Jung-eun, Jang Hye-jin, Park Myung-hoon, Jung Ji-so, Jung Hyeon-jun, Park Keun-rok, Jung Yi-seo, Cho Jae-myung, Jeong Ik-han, Kim Gyu-baek, Ahn Seong-bong, Yoon Young-woo, Park Jae-wook, Lee Dong-yong, Jeon Eun-mi, Kim Geon, Lee Joo-hyung, Lee Ji-hye, Kim Bo-ryeong, Park Hye-sook, Baek Seung-hwan, Riccardo Ferraresso, Ko Kwan-jae, Lee Si-hoon, Seo Bok-hyeon, Shim Soo-mi, Yoon Hye-ree, Andreas Fronk, Anna Elisabeth Rihlmann, Rosie Peralta, Shin Seung-min, Park Seo-jun, Kwak Sin-ae, Kim Yeong-jo, Choi Jeong-hyun
"
A Brighter Summer Day,4.45,23080,Edward Yang,237,"Crime, Drama, Romance",Taiwan,1991,"Aleksei Kravchenko, Olga Mironova, Liubomiras Laucevicius, Vladas Bagdonas, Viktors Lorencs, Jüri Lumiste, Tatyana Shestakova, Kazimir Rabetsky, Yevgeni Tilicheyev, Aleksandr Berda, Vasiliy Domrachyov, Evgeniy Kryzhanovskiy, Anatoly Slivnikov, Pyotr Merkuryev, Gennady Matytskiy, Valentin Mishatkin, Igor Gnevashev, Viktor Manaev, Georgiy Strokov, Oleg Shapko, Aleksandra Rovenskikh, Svetlana Zelenkovskaya, Adolf Hitler
"
The Shawshank Redemption,4.45,440350,Frank Darabont,142,"Crime, Drama",United States of America,1994,"Tatsuya Nakadai, Akira Ishihama, Shima Iwashita, Tetsurō Tamba, Masao Mishima, Ichirô Nakatani, Kei Satō, Yoshio Inaba, Hisashi Igawa, Tōru Takeuchi, Yoshirô Aoki, Tatsuo Matsumura, Akiji Kobayashi, Kôichi Hayashi, Ryûtarô Gomi, Jo Azumi, Nakajirô Tomita, Shichisaburo Amatsu, Kenzô Tanaka, Shin Nakahara, Tsuneo Ikeda, Minoru Miyagi, Takaaki Kadota, Ichiro Yamamoto, Gen Takasugi, Satoshi Nishida, Tetsuro Komiyama, Shûichirô Narita, Noboru Kasuga, Shinpachi Kura, Kenji Hayashi, Shôtarô Hayashi, Shimezo Kataoka, Bunya Ozawa, Konosuke Takemoto, Rentaro Mikuni
"
Yi Yi,4.44,37146,Edward Yang,174,"Drama, Romance","Japan, Taiwan",2000,"Marlon Brando, Al Pacino, James Caan, Robert Duvall, Richard S. Castellano, Diane Keaton, Talia Shire, Gianni Russo, Sterling Hayden, Al Lettieri, Abe Vigoda, John Cazale, Richard Conte, John Marley, Rudy Bond, Al Martino, Morgana King, Lenny Montana, John Martino, Alex Rocco, Salvatore Corsitto, Tony Giorgio, Victor Rendina, Simonetta Stefanelli, Saro Urzì, Sofia Coppola, Louis Guss, Gabriele Torrei, Tony King, Richard Bright, Vito Scotti, Tere Livrano, Julie Gregg, Angelo Infanti, Corrado Gaipa, Franco Citti, Max Brandt, Carmine Coppola, Roman Coppola, Don Costello, Robert Dahdah, Gray Frederickson, Ron Gilbert, Sonny Grosso, Joe Lo Grippo, Randy Jurgensen, Tony Lip, Lou Martini Jr., Raymond Martino, Joseph Medaglia, Rick Petrucelli, Sal Richards, Tom Rosqui, Frank Sivero, Filomena Spagnuolo, Nick Vallelonga, Joe Spinell, Conrad Yama
"
The Human Condition I: No Greater Love,4.43,8471,Masaki Kobayashi,206,"Drama, History, War",Japan,1959,"Al Pacino, Robert De Niro, Robert Duvall, Diane Keaton, John Cazale, Talia Shire, Lee Strasberg, Michael V. Gazzo, G. D. Spradlin, Richard Bright, Francesca De Sapio, Oreste Baldini, Gastone Moschin, Giuseppe Sillato, Bruno Kirby, Frank Sivero, Morgana King, Marianna Hill, Leopoldo Trieste, Dominic Chianese, Fay Spain, Harry Dean Stanton, Danny Aiello, Roger Corman, William Bowers, James Caan, Tom Rosqui, Amerigo Tot, Troy Donahue, John Aprea, Abe Vigoda, Tere Livrano, Gianni Russo, Maria Carta, Mario Cotone, Carmine Caridi, Carmine Foresta, Joe Spinell, Kathleen Beller, Ivonne Coll, Roman Coppola, Sofia Coppola, Sho Kosugi, James Gounaris, Nick Discenza, Joseph Medaglia, Joseph Della Sorte, Carmen Argenziano, Joe Lo Grippo, Ezio Flagello, Livio Giorgi, Saveria Mazzola, Tito Alba, Johnny Naranjo, Elda Maida, Salvatore Po, Ignazio Pappalardo, Andrea Maugeri, Peter LaCorte, Vincent Coppola, Peter Donat, Tom Dahlgren, Phil Feldman, Joe De Nicola, Edward Van Sickle, Gabriella Belloni, Venancia Grangerard, Erica Yohn, Gary Kurtz, Connie Mason, Frank Pesce, Victor Pujols Faneyte, Julie Gregg, Larry Guardino, Buck Houghton, Richard Matheson, John Megna, Jay Rasumny, Filomena Spagnuolo, Julian Voloshin, Italia Coppola
"
Portrait of a Lady on Fire,4.43,277695,Céline Sciamma,120,"Drama, Romance",France,2019,"Song Kang-ho, Lee Sun-kyun, Cho Yeo-jeong, Choi Woo-shik, Park So-dam, Lee Jung-eun, Jang Hye-jin, Park Myung-hoon, Jung Ji-so, Jung Hyeon-jun, Park Keun-rok, Jung Yi-seo, Cho Jae-myung, Jeong Ik-han, Kim Gyu-baek, Ahn Seong-bong, Yoon Young-woo, Park Jae-wook, Lee Dong-yong, Jeon Eun-mi, Kim Geon, Lee Joo-hyung, Lee Ji-hye, Kim Bo-ryeong, Park Hye-sook, Baek Seung-hwan, Riccardo Ferraresso, Ko Kwan-jae, Lee Si-hoon, Seo Bok-hyeon, Shim Soo-mi, Yoon Hye-ree, Andreas Fronk, Anna Elisabeth Rihlmann, Rosie Peralta, Shin Seung-min, Park Seo-jun, Kwak Sin-ae, Kim Yeong-jo, Choi Jeong-hyun
"
Spiderman: Into the Spider-Verse,4.43,687796,"Peter Ramsey, Rodney Rothman, Bob Persichetti",117,"Action, Adventure, Animation, Comedy, Science-Fiction",United States of America,2018,"Aleksei Kravchenko, Olga Mironova, Liubomiras Laucevicius, Vladas Bagdonas, Viktors Lorencs, Jüri Lumiste, Tatyana Shestakova, Kazimir Rabetsky, Yevgeni Tilicheyev, Aleksandr Berda, Vasiliy Domrachyov, Evgeniy Kryzhanovskiy, Anatoly Slivnikov, Pyotr Merkuryev, Gennady Matytskiy, Valentin Mishatkin, Igor Gnevashev, Viktor Manaev, Georgiy Strokov, Oleg Shapko, Aleksandra Rovenskikh, Svetlana Zelenkovskaya, Adolf Hitler
"
The Dark Knight,4.42,733554,Christopher Nolan,152,"Action, Crime, Drama, Thriller","United Kingdom, United States of America",2008,"Tatsuya Nakadai, Akira Ishihama, Shima Iwashita, Tetsurō Tamba, Masao Mishima, Ichirô Nakatani, Kei Satō, Yoshio Inaba, Hisashi Igawa, Tōru Takeuchi, Yoshirô Aoki, Tatsuo Matsumura, Akiji Kobayashi, Kôichi Hayashi, Ryûtarô Gomi, Jo Azumi, Nakajirô Tomita, Shichisaburo Amatsu, Kenzô Tanaka, Shin Nakahara, Tsuneo Ikeda, Minoru Miyagi, Takaaki Kadota, Ichiro Yamamoto, Gen Takasugi, Satoshi Nishida, Tetsuro Komiyama, Shûichirô Narita, Noboru Kasuga, Shinpachi Kura, Kenji Hayashi, Shôtarô Hayashi, Shimezo Kataoka, Bunya Ozawa, Konosuke Takemoto, Rentaro Mikuni
"
Goodfellas,4.42,370084,Martin Scorsese,145,"Crime, Drama",United States of America,1990,"Marlon Brando, Al Pacino, James Caan, Robert Duvall, Richard S. Castellano, Diane Keaton, Talia Shire, Gianni Russo, Sterling Hayden, Al Lettieri, Abe Vigoda, John Cazale, Richard Conte, John Marley, Rudy Bond, Al Martino, Morgana King, Lenny Montana, John Martino, Alex Rocco, Salvatore Corsitto, Tony Giorgio, Victor Rendina, Simonetta Stefanelli, Saro Urzì, Sofia Coppola, Louis Guss, Gabriele Torrei, Tony King, Richard Bright, Vito Scotti, Tere Livrano, Julie Gregg, Angelo Infanti, Corrado Gaipa, Franco Citti, Max Brandt, Carmine Coppola, Roman Coppola, Don Costello, Robert Dahdah, Gray Frederickson, Ron Gilbert, Sonny Grosso, Joe Lo Grippo, Randy Jurgensen, Tony Lip, Lou Martini Jr., Raymond Martino, Joseph Medaglia, Rick Petrucelli, Sal Richards, Tom Rosqui, Frank Sivero, Filomena Spagnuolo, Nick Vallelonga, Joe Spinell, Conrad Yama
"
Schindler's List,4.42,269885,Steven Spielberg,195,"Drama, History, War",United States of America,1993,"Al Pacino, Robert De Niro, Robert Duvall, Diane Keaton, John Cazale, Talia Shire, Lee Strasberg, Michael V. Gazzo, G. D. Spradlin, Richard Bright, Francesca De Sapio, Oreste Baldini, Gastone Moschin, Giuseppe Sillato, Bruno Kirby, Frank Sivero, Morgana King, Marianna Hill, Leopoldo Trieste, Dominic Chianese, Fay Spain, Harry Dean Stanton, Danny Aiello, Roger Corman, William Bowers, James Caan, Tom Rosqui, Amerigo Tot, Troy Donahue, John Aprea, Abe Vigoda, Tere Livrano, Gianni Russo, Maria Carta, Mario Cotone, Carmine Caridi, Carmine Foresta, Joe Spinell, Kathleen Beller, Ivonne Coll, Roman Coppola, Sofia Coppola, Sho Kosugi, James Gounaris, Nick Discenza, Joseph Medaglia, Joseph Della Sorte, Carmen Argenziano, Joe Lo Grippo, Ezio Flagello, Livio Giorgi, Saveria Mazzola, Tito Alba, Johnny Naranjo, Elda Maida, Salvatore Po, Ignazio Pappalardo, Andrea Maugeri, Peter LaCorte, Vincent Coppola, Peter Donat, Tom Dahlgren, Phil Feldman, Joe De Nicola, Edward Van Sickle, Gabriella Belloni, Venancia Grangerard, Erica Yohn, Gary Kurtz, Connie Mason, Frank Pesce, Victor Pujols Faneyte, Julie Gregg, Larry Guardino, Buck Houghton, Richard Matheson, John Megna, Jay Rasumny, Filomena Spagnuolo, Julian Voloshin, Italia Coppola
"
Ikiru,4.41,40605,Akira Kurosawa,143,Drama,Japan,1952,"Song Kang-ho, Lee Sun-kyun, Cho Yeo-jeong, Choi Woo-shik, Park So-dam, Lee Jung-eun, Jang Hye-jin, Park Myung-hoon, Jung Ji-so, Jung Hyeon-jun, Park Keun-rok, Jung Yi-seo, Cho Jae-myung, Jeong Ik-han, Kim Gyu-baek, Ahn Seong-bong, Yoon Young-woo, Park Jae-wook, Lee Dong-yong, Jeon Eun-mi, Kim Geon, Lee Joo-hyung, Lee Ji-hye, Kim Bo-ryeong, Park Hye-sook, Baek Seung-hwan, Riccardo Ferraresso, Ko Kwan-jae, Lee Si-hoon, Seo Bok-hyeon, Shim Soo-mi, Yoon Hye-ree, Andreas Fronk, Anna Elisabeth Rihlmann, Rosie Peralta, Shin Seung-min, Park Seo-jun, Kwak Sin-ae, Kim Yeong-jo, Choi Jeong-hyun
"
"The Good, the Bad and the Ugly",4.41,153514,Sergio Leone,161,Western,"Germany, Italy, Spain, United States of America",1966,"Aleksei Kravchenko, Olga Mironova, Liubomiras Laucevicius, Vladas Bagdonas, Viktors Lorencs, Jüri Lumiste, Tatyana Shestakova, Kazimir Rabetsky, Yevgeni Tilicheyev, Aleksandr Berda, Vasiliy Domrachyov, Evgeniy Kryzhanovskiy, Anatoly Slivnikov, Pyotr Merkuryev, Gennady Matytskiy, Valentin Mishatkin, Igor Gnevashev, Viktor Manaev, Georgiy Strokov, Oleg Shapko, Aleksandra Rovenskikh, Svetlana Zelenkovskaya, Adolf Hitler
"
Neon Genesis Evangelion: The End of Evangelion,4.40,80261,Hideaki Anno,87,"Action, Animation, Drama, Science-Fiction",Japan,1997,"Tatsuya Nakadai, Akira Ishihama, Shima Iwashita, Tetsurō Tamba, Masao Mishima, Ichirô Nakatani, Kei Satō, Yoshio Inaba, Hisashi Igawa, Tōru Takeuchi, Yoshirô Aoki, Tatsuo Matsumura, Akiji Kobayashi, Kôichi Hayashi, Ryûtarô Gomi, Jo Azumi, Nakajirô Tomita, Shichisaburo Amatsu, Kenzô Tanaka, Shin Nakahara, Tsuneo Ikeda, Minoru Miyagi, Takaaki Kadota, Ichiro Yamamoto, Gen Takasugi, Satoshi Nishida, Tetsuro Komiyama, Shûichirô Narita, Noboru Kasuga, Shinpachi Kura, Kenji Hayashi, Shôtarô Hayashi, Shimezo Kataoka, Bunya Ozawa, Konosuke Takemoto, Rentaro Mikuni
"
Star Wars: Episode V - The Empire Strikes Back,4.40,454935,Irvin Kershner,124,"Action, Adventure, Science-Fiction",United States of America,1980,"Marlon Brando, Al Pacino, James Caan, Robert Duvall, Richard S. Castellano, Diane Keaton, Talia Shire, Gianni Russo, Sterling Hayden, Al Lettieri, Abe Vigoda, John Cazale, Richard Conte, John Marley, Rudy Bond, Al Martino, Morgana King, Lenny Montana, John Martino, Alex Rocco, Salvatore Corsitto, Tony Giorgio, Victor Rendina, Simonetta Stefanelli, Saro Urzì, Sofia Coppola, Louis Guss, Gabriele Torrei, Tony King, Richard Bright, Vito Scotti, Tere Livrano, Julie Gregg, Angelo Infanti, Corrado Gaipa, Franco Citti, Max Brandt, Carmine Coppola, Roman Coppola, Don Costello, Robert Dahdah, Gray Frederickson, Ron Gilbert, Sonny Grosso, Joe Lo Grippo, Randy Jurgensen, Tony Lip, Lou Martini Jr., Raymond Martino, Joseph Medaglia, Rick Petrucelli, Sal Richards, Tom Rosqui, Frank Sivero, Filomena Spagnuolo, Nick Vallelonga, Joe Spinell, Conrad Yama
"
Central Station,4.40,24846,Walter Salles,110,Drama,Brazil ,1998,"Al Pacino, Robert De Niro, Robert Duvall, Diane Keaton, John Cazale, Talia Shire, Lee Strasberg, Michael V. Gazzo, G. D. Spradlin, Richard Bright, Francesca De Sapio, Oreste Baldini, Gastone Moschin, Giuseppe Sillato, Bruno Kirby, Frank Sivero, Morgana King, Marianna Hill, Leopoldo Trieste, Dominic Chianese, Fay Spain, Harry Dean Stanton, Danny Aiello, Roger Corman, William Bowers, James Caan, Tom Rosqui, Amerigo Tot, Troy Donahue, John Aprea, Abe Vigoda, Tere Livrano, Gianni Russo, Maria Carta, Mario Cotone, Carmine Caridi, Carmine Foresta, Joe Spinell, Kathleen Beller, Ivonne Coll, Roman Coppola, Sofia Coppola, Sho Kosugi, James Gounaris, Nick Discenza, Joseph Medaglia, Joseph Della Sorte, Carmen Argenziano, Joe Lo Grippo, Ezio Flagello, Livio Giorgi, Saveria Mazzola, Tito Alba, Johnny Naranjo, Elda Maida, Salvatore Po, Ignazio Pappalardo, Andrea Maugeri, Peter LaCorte, Vincent Coppola, Peter Donat, Tom Dahlgren, Phil Feldman, Joe De Nicola, Edward Van Sickle, Gabriella Belloni, Venancia Grangerard, Erica Yohn, Gary Kurtz, Connie Mason, Frank Pesce, Victor Pujols Faneyte, Julie Gregg, Larry Guardino, Buck Houghton, Richard Matheson, John Megna, Jay Rasumny, Filomena Spagnuolo, Julian Voloshin, Italia Coppola
"
Stalker,4.40,93953,Andrei Tarkovsky,162,"Drama, Science-Fiction","Russian Federation, USSR",1979,"Song Kang-ho, Lee Sun-kyun, Cho Yeo-jeong, Choi Woo-shik, Park So-dam, Lee Jung-eun, Jang Hye-jin, Park Myung-hoon, Jung Ji-so, Jung Hyeon-jun, Park Keun-rok, Jung Yi-seo, Cho Jae-myung, Jeong Ik-han, Kim Gyu-baek, Ahn Seong-bong, Yoon Young-woo, Park Jae-wook, Lee Dong-yong, Jeon Eun-mi, Kim Geon, Lee Joo-hyung, Lee Ji-hye, Kim Bo-ryeong, Park Hye-sook, Baek Seung-hwan, Riccardo Ferraresso, Ko Kwan-jae, Lee Si-hoon, Seo Bok-hyeon, Shim Soo-mi, Yoon Hye-ree, Andreas Fronk, Anna Elisabeth Rihlmann, Rosie Peralta, Shin Seung-min, Park Seo-jun, Kwak Sin-ae, Kim Yeong-jo, Choi Jeong-hyun
"
There Will Be Blood,4.39,280070,Paul Thomas Anderson,158,Drama,United States of America,2007,"Aleksei Kravchenko, Olga Mironova, Liubomiras Laucevicius, Vladas Bagdonas, Viktors Lorencs, Jüri Lumiste, Tatyana Shestakova, Kazimir Rabetsky, Yevgeni Tilicheyev, Aleksandr Berda, Vasiliy Domrachyov, Evgeniy Kryzhanovskiy, Anatoly Slivnikov, Pyotr Merkuryev, Gennady Matytskiy, Valentin Mishatkin, Igor Gnevashev, Viktor Manaev, Georgiy Strokov, Oleg Shapko, Aleksandra Rovenskikh, Svetlana Zelenkovskaya, Adolf Hitler
"
City of God,4.39,176434,"Kátia Lund, Fernando Meirelles",130,"Crime, Drama",Brazil,2002,"Tatsuya Nakadai, Akira Ishihama, Shima Iwashita, Tetsurō Tamba, Masao Mishima, Ichirô Nakatani, Kei Satō, Yoshio Inaba, Hisashi Igawa, Tōru Takeuchi, Yoshirô Aoki, Tatsuo Matsumura, Akiji Kobayashi, Kôichi Hayashi, Ryûtarô Gomi, Jo Azumi, Nakajirô Tomita, Shichisaburo Amatsu, Kenzô Tanaka, Shin Nakahara, Tsuneo Ikeda, Minoru Miyagi, Takaaki Kadota, Ichiro Yamamoto, Gen Takasugi, Satoshi Nishida, Tetsuro Komiyama, Shûichirô Narita, Noboru Kasuga, Shinpachi Kura, Kenji Hayashi, Shôtarô Hayashi, Shimezo Kataoka, Bunya Ozawa, Konosuke Takemoto, Rentaro Mikuni
"
The Lord of the Rings: The Return of the King,4.39,396479,Peter Jackson,201,"Action, Adventure, Fantasy","New Zealand, United States of America",2003,"Marlon Brando, Al Pacino, James Caan, Robert Duvall, Richard S. Castellano, Diane Keaton, Talia Shire, Gianni Russo, Sterling Hayden, Al Lettieri, Abe Vigoda, John Cazale, Richard Conte, John Marley, Rudy Bond, Al Martino, Morgana King, Lenny Montana, John Martino, Alex Rocco, Salvatore Corsitto, Tony Giorgio, Victor Rendina, Simonetta Stefanelli, Saro Urzì, Sofia Coppola, Louis Guss, Gabriele Torrei, Tony King, Richard Bright, Vito Scotti, Tere Livrano, Julie Gregg, Angelo Infanti, Corrado Gaipa, Franco Citti, Max Brandt, Carmine Coppola, Roman Coppola, Don Costello, Robert Dahdah, Gray Frederickson, Ron Gilbert, Sonny Grosso, Joe Lo Grippo, Randy Jurgensen, Tony Lip, Lou Martini Jr., Raymond Martino, Joseph Medaglia, Rick Petrucelli, Sal Richards, Tom Rosqui, Frank Sivero, Filomena Spagnuolo, Nick Vallelonga, Joe Spinell, Conrad Yama
"
Sátántangó,4.39,12086,Béla Tarr,432,Drama,"Germany, Hungary, Switzerland",1994,"Al Pacino, Robert De Niro, Robert Duvall, Diane Keaton, John Cazale, Talia Shire, Lee Strasberg, Michael V. Gazzo, G. D. Spradlin, Richard Bright, Francesca De Sapio, Oreste Baldini, Gastone Moschin, Giuseppe Sillato, Bruno Kirby, Frank Sivero, Morgana King, Marianna Hill, Leopoldo Trieste, Dominic Chianese, Fay Spain, Harry Dean Stanton, Danny Aiello, Roger Corman, William Bowers, James Caan, Tom Rosqui, Amerigo Tot, Troy Donahue, John Aprea, Abe Vigoda, Tere Livrano, Gianni Russo, Maria Carta, Mario Cotone, Carmine Caridi, Carmine Foresta, Joe Spinell, Kathleen Beller, Ivonne Coll, Roman Coppola, Sofia Coppola, Sho Kosugi, James Gounaris, Nick Discenza, Joseph Medaglia, Joseph Della Sorte, Carmen Argenziano, Joe Lo Grippo, Ezio Flagello, Livio Giorgi, Saveria Mazzola, Tito Alba, Johnny Naranjo, Elda Maida, Salvatore Po, Ignazio Pappalardo, Andrea Maugeri, Peter LaCorte, Vincent Coppola, Peter Donat, Tom Dahlgren, Phil Feldman, Joe De Nicola, Edward Van Sickle, Gabriella Belloni, Venancia Grangerard, Erica Yohn, Gary Kurtz, Connie Mason, Frank Pesce, Victor Pujols Faneyte, Julie Gregg, Larry Guardino, Buck Houghton, Richard Matheson, John Megna, Jay Rasumny, Filomena Spagnuolo, Julian Voloshin, Italia Coppola
"
Persona,4.38,108290,Ingmar Bergman,84,Drama,Sweden,1966,"Song Kang-ho, Lee Sun-kyun, Cho Yeo-jeong, Choi Woo-shik, Park So-dam, Lee Jung-eun, Jang Hye-jin, Park Myung-hoon, Jung Ji-so, Jung Hyeon-jun, Park Keun-rok, Jung Yi-seo, Cho Jae-myung, Jeong Ik-han, Kim Gyu-baek, Ahn Seong-bong, Yoon Young-woo, Park Jae-wook, Lee Dong-yong, Jeon Eun-mi, Kim Geon, Lee Joo-hyung, Lee Ji-hye, Kim Bo-ryeong, Park Hye-sook, Baek Seung-hwan, Riccardo Ferraresso, Ko Kwan-jae, Lee Si-hoon, Seo Bok-hyeon, Shim Soo-mi, Yoon Hye-ree, Andreas Fronk, Anna Elisabeth Rihlmann, Rosie Peralta, Shin Seung-min, Park Seo-jun, Kwak Sin-ae, Kim Yeong-jo, Choi Jeong-hyun
"
The Passion of Joan of Arc,4.38,39016,Carl Theodor Dreyer,82,"Drama, History",France,1928,"Aleksei Kravchenko, Olga Mironova, Liubomiras Laucevicius, Vladas Bagdonas, Viktors Lorencs, Jüri Lumiste, Tatyana Shestakova, Kazimir Rabetsky, Yevgeni Tilicheyev, Aleksandr Berda, Vasiliy Domrachyov, Evgeniy Kryzhanovskiy, Anatoly Slivnikov, Pyotr Merkuryev, Gennady Matytskiy, Valentin Mishatkin, Igor Gnevashev, Viktor Manaev, Georgiy Strokov, Oleg Shapko, Aleksandra Rovenskikh, Svetlana Zelenkovskaya, Adolf Hitler
"
Ran,4.37,53815,Akira Kurosawa,160,"Action, Drama, History","France, Japan",1985,"Tatsuya Nakadai, Akira Ishihama, Shima Iwashita, Tetsurō Tamba, Masao Mishima, Ichirô Nakatani, Kei Satō, Yoshio Inaba, Hisashi Igawa, Tōru Takeuchi, Yoshirô Aoki, Tatsuo Matsumura, Akiji Kobayashi, Kôichi Hayashi, Ryûtarô Gomi, Jo Azumi, Nakajirô Tomita, Shichisaburo Amatsu, Kenzô Tanaka, Shin Nakahara, Tsuneo Ikeda, Minoru Miyagi, Takaaki Kadota, Ichiro Yamamoto, Gen Takasugi, Satoshi Nishida, Tetsuro Komiyama, Shûichirô Narita, Noboru Kasuga, Shinpachi Kura, Kenji Hayashi, Shôtarô Hayashi, Shimezo Kataoka, Bunya Ozawa, Konosuke Takemoto, Rentaro Mikuni
"
Sunset Boulevard,4.37,98898,Billy Wilder,110,Drama,United States of America,1950,"Marlon Brando, Al Pacino, James Caan, Robert Duvall, Richard S. Castellano, Diane Keaton, Talia Shire, Gianni Russo, Sterling Hayden, Al Lettieri, Abe Vigoda, John Cazale, Richard Conte, John Marley, Rudy Bond, Al Martino, Morgana King, Lenny Montana, John Martino, Alex Rocco, Salvatore Corsitto, Tony Giorgio, Victor Rendina, Simonetta Stefanelli, Saro Urzì, Sofia Coppola, Louis Guss, Gabriele Torrei, Tony King, Richard Bright, Vito Scotti, Tere Livrano, Julie Gregg, Angelo Infanti, Corrado Gaipa, Franco Citti, Max Brandt, Carmine Coppola, Roman Coppola, Don Costello, Robert Dahdah, Gray Frederickson, Ron Gilbert, Sonny Grosso, Joe Lo Grippo, Randy Jurgensen, Tony Lip, Lou Martini Jr., Raymond Martino, Joseph Medaglia, Rick Petrucelli, Sal Richards, Tom Rosqui, Frank Sivero, Filomena Spagnuolo, Nick Vallelonga, Joe Spinell, Conrad Yama
"
La Haine,4.37,133286,Mathieu Kassovitz,98,Drama,France,1995,"Al Pacino, Robert De Niro, Robert Duvall, Diane Keaton, John Cazale, Talia Shire, Lee Strasberg, Michael V. Gazzo, G. D. Spradlin, Richard Bright, Francesca De Sapio, Oreste Baldini, Gastone Moschin, Giuseppe Sillato, Bruno Kirby, Frank Sivero, Morgana King, Marianna Hill, Leopoldo Trieste, Dominic Chianese, Fay Spain, Harry Dean Stanton, Danny Aiello, Roger Corman, William Bowers, James Caan, Tom Rosqui, Amerigo Tot, Troy Donahue, John Aprea, Abe Vigoda, Tere Livrano, Gianni Russo, Maria Carta, Mario Cotone, Carmine Caridi, Carmine Foresta, Joe Spinell, Kathleen Beller, Ivonne Coll, Roman Coppola, Sofia Coppola, Sho Kosugi, James Gounaris, Nick Discenza, Joseph Medaglia, Joseph Della Sorte, Carmen Argenziano, Joe Lo Grippo, Ezio Flagello, Livio Giorgi, Saveria Mazzola, Tito Alba, Johnny Naranjo, Elda Maida, Salvatore Po, Ignazio Pappalardo, Andrea Maugeri, Peter LaCorte, Vincent Coppola, Peter Donat, Tom Dahlgren, Phil Feldman, Joe De Nicola, Edward Van Sickle, Gabriella Belloni, Venancia Grangerard, Erica Yohn, Gary Kurtz, Connie Mason, Frank Pesce, Victor Pujols Faneyte, Julie Gregg, Larry Guardino, Buck Houghton, Richard Matheson, John Megna, Jay Rasumny, Filomena Spagnuolo, Julian Voloshin, Italia Coppola
"
Woman in the Dunes,4.37,19300,Hiroshi Teshigahara,147,"Drama, Thriller",Japan,1964,"Song Kang-ho, Lee Sun-kyun, Cho Yeo-jeong, Choi Woo-shik, Park So-dam, Lee Jung-eun, Jang Hye-jin, Park Myung-hoon, Jung Ji-so, Jung Hyeon-jun, Park Keun-rok, Jung Yi-seo, Cho Jae-myung, Jeong Ik-han, Kim Gyu-baek, Ahn Seong-bong, Yoon Young-woo, Park Jae-wook, Lee Dong-yong, Jeon Eun-mi, Kim Geon, Lee Joo-hyung, Lee Ji-hye, Kim Bo-ryeong, Park Hye-sook, Baek Seung-hwan, Riccardo Ferraresso, Ko Kwan-jae, Lee Si-hoon, Seo Bok-hyeon, Shim Soo-mi, Yoon Hye-ree, Andreas Fronk, Anna Elisabeth Rihlmann, Rosie Peralta, Shin Seung-min, Park Seo-jun, Kwak Sin-ae, Kim Yeong-jo, Choi Jeong-hyun
"
In the Mood for Love,4.37,157217,Wong Kar-wai,99,"Drama, Romance","China, Hong Kong",2000,"Aleksei Kravchenko, Olga Mironova, Liubomiras Laucevicius, Vladas Bagdonas, Viktors Lorencs, Jüri Lumiste, Tatyana Shestakova, Kazimir Rabetsky, Yevgeni Tilicheyev, Aleksandr Berda, Vasiliy Domrachyov, Evgeniy Kryzhanovskiy, Anatoly Slivnikov, Pyotr Merkuryev, Gennady Matytskiy, Valentin Mishatkin, Igor Gnevashev, Viktor Manaev, Georgiy Strokov, Oleg Shapko, Aleksandra Rovenskikh, Svetlana Zelenkovskaya, Adolf Hitler
"
Andrei Rublev,4.36,30014,Andrei Tarkovsky,205,"Drama, History","Russian Federation, USSR",1966,"Tatsuya Nakadai, Akira Ishihama, Shima Iwashita, Tetsurō Tamba, Masao Mishima, Ichirô Nakatani, Kei Satō, Yoshio Inaba, Hisashi Igawa, Tōru Takeuchi, Yoshirô Aoki, Tatsuo Matsumura, Akiji Kobayashi, Kôichi Hayashi, Ryûtarô Gomi, Jo Azumi, Nakajirô Tomita, Shichisaburo Amatsu, Kenzô Tanaka, Shin Nakahara, Tsuneo Ikeda, Minoru Miyagi, Takaaki Kadota, Ichiro Yamamoto, Gen Takasugi, Satoshi Nishida, Tetsuro Komiyama, Shûichirô Narita, Noboru Kasuga, Shinpachi Kura, Kenji Hayashi, Shôtarô Hayashi, Shimezo Kataoka, Bunya Ozawa, Konosuke Takemoto, Rentaro Mikuni
"
Tokyo Story,4.36,44901,Yasujiro Ozu,137,Drama,Japan,1953,"Marlon Brando, Al Pacino, James Caan, Robert Duvall, Richard S. Castellano, Diane Keaton, Talia Shire, Gianni Russo, Sterling Hayden, Al Lettieri, Abe Vigoda, John Cazale, Richard Conte, John Marley, Rudy Bond, Al Martino, Morgana King, Lenny Montana, John Martino, Alex Rocco, Salvatore Corsitto, Tony Giorgio, Victor Rendina, Simonetta Stefanelli, Saro Urzì, Sofia Coppola, Louis Guss, Gabriele Torrei, Tony King, Richard Bright, Vito Scotti, Tere Livrano, Julie Gregg, Angelo Infanti, Corrado Gaipa, Franco Citti, Max Brandt, Carmine Coppola, Roman Coppola, Don Costello, Robert Dahdah, Gray Frederickson, Ron Gilbert, Sonny Grosso, Joe Lo Grippo, Randy Jurgensen, Tony Lip, Lou Martini Jr., Raymond Martino, Joseph Medaglia, Rick Petrucelli, Sal Richards, Tom Rosqui, Frank Sivero, Filomena Spagnuolo, Nick Vallelonga, Joe Spinell, Conrad Yama
"
Apocalypse Now,4.36,227865,Francis Ford Coppola,147,"Drama, War",United States of America,1979,"Al Pacino, Robert De Niro, Robert Duvall, Diane Keaton, John Cazale, Talia Shire, Lee Strasberg, Michael V. Gazzo, G. D. Spradlin, Richard Bright, Francesca De Sapio, Oreste Baldini, Gastone Moschin, Giuseppe Sillato, Bruno Kirby, Frank Sivero, Morgana King, Marianna Hill, Leopoldo Trieste, Dominic Chianese, Fay Spain, Harry Dean Stanton, Danny Aiello, Roger Corman, William Bowers, James Caan, Tom Rosqui, Amerigo Tot, Troy Donahue, John Aprea, Abe Vigoda, Tere Livrano, Gianni Russo, Maria Carta, Mario Cotone, Carmine Caridi, Carmine Foresta, Joe Spinell, Kathleen Beller, Ivonne Coll, Roman Coppola, Sofia Coppola, Sho Kosugi, James Gounaris, Nick Discenza, Joseph Medaglia, Joseph Della Sorte, Carmen Argenziano, Joe Lo Grippo, Ezio Flagello, Livio Giorgi, Saveria Mazzola, Tito Alba, Johnny Naranjo, Elda Maida, Salvatore Po, Ignazio Pappalardo, Andrea Maugeri, Peter LaCorte, Vincent Coppola, Peter Donat, Tom Dahlgren, Phil Feldman, Joe De Nicola, Edward Van Sickle, Gabriella Belloni, Venancia Grangerard, Erica Yohn, Gary Kurtz, Connie Mason, Frank Pesce, Victor Pujols Faneyte, Julie Gregg, Larry Guardino, Buck Houghton, Richard Matheson, John Megna, Jay Rasumny, Filomena Spagnuolo, Julian Voloshin, Italia Coppola
"
The Handmaiden,4.36,186514,Park Chan-wook,145,"Drama, Romance, Thriller",South Korea,2016,"Song Kang-ho, Lee Sun-kyun, Cho Yeo-jeong, Choi Woo-shik, Park So-dam, Lee Jung-eun, Jang Hye-jin, Park Myung-hoon, Jung Ji-so, Jung Hyeon-jun, Park Keun-rok, Jung Yi-seo, Cho Jae-myung, Jeong Ik-han, Kim Gyu-baek, Ahn Seong-bong, Yoon Young-woo, Park Jae-wook, Lee Dong-yong, Jeon Eun-mi, Kim Geon, Lee Joo-hyung, Lee Ji-hye, Kim Bo-ryeong, Park Hye-sook, Baek Seung-hwan, Riccardo Ferraresso, Ko Kwan-jae, Lee Si-hoon, Seo Bok-hyeon, Shim Soo-mi, Yoon Hye-ree, Andreas Fronk, Anna Elisabeth Rihlmann, Rosie Peralta, Shin Seung-min, Park Seo-jun, Kwak Sin-ae, Kim Yeong-jo, Choi Jeong-hyun
"
Grave of the Fireflies,4.35,144620,Isao Takahata,89,"Animation, Drama, War",Japan,1988,"Aleksei Kravchenko, Olga Mironova, Liubomiras Laucevicius, Vladas Bagdonas, Viktors Lorencs, Jüri Lumiste, Tatyana Shestakova, Kazimir Rabetsky, Yevgeni Tilicheyev, Aleksandr Berda, Vasiliy Domrachyov, Evgeniy Kryzhanovskiy, Anatoly Slivnikov, Pyotr Merkuryev, Gennady Matytskiy, Valentin Mishatkin, Igor Gnevashev, Viktor Manaev, Georgiy Strokov, Oleg Shapko, Aleksandra Rovenskikh, Svetlana Zelenkovskaya, Adolf Hitler
"
Whiplash,4.35,550084,Damien Chazelle,107,"Drama, Music",United States of America,2014,"Tatsuya Nakadai, Akira Ishihama, Shima Iwashita, Tetsurō Tamba, Masao Mishima, Ichirô Nakatani, Kei Satō, Yoshio Inaba, Hisashi Igawa, Tōru Takeuchi, Yoshirô Aoki, Tatsuo Matsumura, Akiji Kobayashi, Kôichi Hayashi, Ryûtarô Gomi, Jo Azumi, Nakajirô Tomita, Shichisaburo Amatsu, Kenzô Tanaka, Shin Nakahara, Tsuneo Ikeda, Minoru Miyagi, Takaaki Kadota, Ichiro Yamamoto, Gen Takasugi, Satoshi Nishida, Tetsuro Komiyama, Shûichirô Narita, Noboru Kasuga, Shinpachi Kura, Kenji Hayashi, Shôtarô Hayashi, Shimezo Kataoka, Bunya Ozawa, Konosuke Takemoto, Rentaro Mikuni
"
The Human Condition II: Road to Eternity,4.35,6600,Masaki Kobayashi,178,"Drama, History, War",Japan,1959,"Marlon Brando, Al Pacino, James Caan, Robert Duvall, Richard S. Castellano, Diane Keaton, Talia Shire, Gianni Russo, Sterling Hayden, Al Lettieri, Abe Vigoda, John Cazale, Richard Conte, John Marley, Rudy Bond, Al Martino, Morgana King, Lenny Montana, John Martino, Alex Rocco, Salvatore Corsitto, Tony Giorgio, Victor Rendina, Simonetta Stefanelli, Saro Urzì, Sofia Coppola, Louis Guss, Gabriele Torrei, Tony King, Richard Bright, Vito Scotti, Tere Livrano, Julie Gregg, Angelo Infanti, Corrado Gaipa, Franco Citti, Max Brandt, Carmine Coppola, Roman Coppola, Don Costello, Robert Dahdah, Gray Frederickson, Ron Gilbert, Sonny Grosso, Joe Lo Grippo, Randy Jurgensen, Tony Lip, Lou Martini Jr., Raymond Martino, Joseph Medaglia, Rick Petrucelli, Sal Richards, Tom Rosqui, Frank Sivero, Filomena Spagnuolo, Nick Vallelonga, Joe Spinell, Conrad Yama
"
Paths of Glory,4.34,82648,Stanley Kubrick,88,"Drama, War",United States of America,1957,"Al Pacino, Robert De Niro, Robert Duvall, Diane Keaton, John Cazale, Talia Shire, Lee Strasberg, Michael V. Gazzo, G. D. Spradlin, Richard Bright, Francesca De Sapio, Oreste Baldini, Gastone Moschin, Giuseppe Sillato, Bruno Kirby, Frank Sivero, Morgana King, Marianna Hill, Leopoldo Trieste, Dominic Chianese, Fay Spain, Harry Dean Stanton, Danny Aiello, Roger Corman, William Bowers, James Caan, Tom Rosqui, Amerigo Tot, Troy Donahue, John Aprea, Abe Vigoda, Tere Livrano, Gianni Russo, Maria Carta, Mario Cotone, Carmine Caridi, Carmine Foresta, Joe Spinell, Kathleen Beller, Ivonne Coll, Roman Coppola, Sofia Coppola, Sho Kosugi, James Gounaris, Nick Discenza, Joseph Medaglia, Joseph Della Sorte, Carmen Argenziano, Joe Lo Grippo, Ezio Flagello, Livio Giorgi, Saveria Mazzola, Tito Alba, Johnny Naranjo, Elda Maida, Salvatore Po, Ignazio Pappalardo, Andrea Maugeri, Peter LaCorte, Vincent Coppola, Peter Donat, Tom Dahlgren, Phil Feldman, Joe De Nicola, Edward Van Sickle, Gabriella Belloni, Venancia Grangerard, Erica Yohn, Gary Kurtz, Connie Mason, Frank Pesce, Victor Pujols Faneyte, Julie Gregg, Larry Guardino, Buck Houghton, Richard Matheson, John Megna, Jay Rasumny, Filomena Spagnuolo, Julian Voloshin, Italia Coppola
"
Do the Right Thing,4.34,135193,Spike Lee,120,Drama,United States of America,1989,"Song Kang-ho, Lee Sun-kyun, Cho Yeo-jeong, Choi Woo-shik, Park So-dam, Lee Jung-eun, Jang Hye-jin, Park Myung-hoon, Jung Ji-so, Jung Hyeon-jun, Park Keun-rok, Jung Yi-seo, Cho Jae-myung, Jeong Ik-han, Kim Gyu-baek, Ahn Seong-bong, Yoon Young-woo, Park Jae-wook, Lee Dong-yong, Jeon Eun-mi, Kim Geon, Lee Joo-hyung, Lee Ji-hye, Kim Bo-ryeong, Park Hye-sook, Baek Seung-hwan, Riccardo Ferraresso, Ko Kwan-jae, Lee Si-hoon, Seo Bok-hyeon, Shim Soo-mi, Yoon Hye-ree, Andreas Fronk, Anna Elisabeth Rihlmann, Rosie Peralta, Shin Seung-min, Park Seo-jun, Kwak Sin-ae, Kim Yeong-jo, Choi Jeong-hyun
"
Perfect Blue,4.34,148985,Satoshi Kon,81,"Animation, Thriller",Japan,1997,"Aleksei Kravchenko, Olga Mironova, Liubomiras Laucevicius, Vladas Bagdonas, Viktors Lorencs, Jüri Lumiste, Tatyana Shestakova, Kazimir Rabetsky, Yevgeni Tilicheyev, Aleksandr Berda, Vasiliy Domrachyov, Evgeniy Kryzhanovskiy, Anatoly Slivnikov, Pyotr Merkuryev, Gennady Matytskiy, Valentin Mishatkin, Igor Gnevashev, Viktor Manaev, Georgiy Strokov, Oleg Shapko, Aleksandra Rovenskikh, Svetlana Zelenkovskaya, Adolf Hitler
"
Cinema Paradiso,4.33,90187,Giuseppe Tornatore,124,"Drama, Romance",Italy,1988,"Tatsuya Nakadai, Akira Ishihama, Shima Iwashita, Tetsurō Tamba, Masao Mishima, Ichirô Nakatani, Kei Satō, Yoshio Inaba, Hisashi Igawa, Tōru Takeuchi, Yoshirô Aoki, Tatsuo Matsumura, Akiji Kobayashi, Kôichi Hayashi, Ryûtarô Gomi, Jo Azumi, Nakajirô Tomita, Shichisaburo Amatsu, Kenzô Tanaka, Shin Nakahara, Tsuneo Ikeda, Minoru Miyagi, Takaaki Kadota, Ichiro Yamamoto, Gen Takasugi, Satoshi Nishida, Tetsuro Komiyama, Shûichirô Narita, Noboru Kasuga, Shinpachi Kura, Kenji Hayashi, Shôtarô Hayashi, Shimezo Kataoka, Bunya Ozawa, Konosuke Takemoto, Rentaro Mikuni
"
Close-Up,4.33,35698,Abbas Kiarostami,98,"Crime, Drama, Documentary",Iran,1990,"Marlon Brando, Al Pacino, James Caan, Robert Duvall, Richard S. Castellano, Diane Keaton, Talia Shire, Gianni Russo, Sterling Hayden, Al Lettieri, Abe Vigoda, John Cazale, Richard Conte, John Marley, Rudy Bond, Al Martino, Morgana King, Lenny Montana, John Martino, Alex Rocco, Salvatore Corsitto, Tony Giorgio, Victor Rendina, Simonetta Stefanelli, Saro Urzì, Sofia Coppola, Louis Guss, Gabriele Torrei, Tony King, Richard Bright, Vito Scotti, Tere Livrano, Julie Gregg, Angelo Infanti, Corrado Gaipa, Franco Citti, Max Brandt, Carmine Coppola, Roman Coppola, Don Costello, Robert Dahdah, Gray Frederickson, Ron Gilbert, Sonny Grosso, Joe Lo Grippo, Randy Jurgensen, Tony Lip, Lou Martini Jr., Raymond Martino, Joseph Medaglia, Rick Petrucelli, Sal Richards, Tom Rosqui, Frank Sivero, Filomena Spagnuolo, Nick Vallelonga, Joe Spinell, Conrad Yama
"
"Paris, Texas",4.33,103351,Wim Wenders,146,Drama,"France, Germany, United Kingdom",1984,"Al Pacino, Robert De Niro, Robert Duvall, Diane Keaton, John Cazale, Talia Shire, Lee Strasberg, Michael V. Gazzo, G. D. Spradlin, Richard Bright, Francesca De Sapio, Oreste Baldini, Gastone Moschin, Giuseppe Sillato, Bruno Kirby, Frank Sivero, Morgana King, Marianna Hill, Leopoldo Trieste, Dominic Chianese, Fay Spain, Harry Dean Stanton, Danny Aiello, Roger Corman, William Bowers, James Caan, Tom Rosqui, Amerigo Tot, Troy Donahue, John Aprea, Abe Vigoda, Tere Livrano, Gianni Russo, Maria Carta, Mario Cotone, Carmine Caridi, Carmine Foresta, Joe Spinell, Kathleen Beller, Ivonne Coll, Roman Coppola, Sofia Coppola, Sho Kosugi, James Gounaris, Nick Discenza, Joseph Medaglia, Joseph Della Sorte, Carmen Argenziano, Joe Lo Grippo, Ezio Flagello, Livio Giorgi, Saveria Mazzola, Tito Alba, Johnny Naranjo, Elda Maida, Salvatore Po, Ignazio Pappalardo, Andrea Maugeri, Peter LaCorte, Vincent Coppola, Peter Donat, Tom Dahlgren, Phil Feldman, Joe De Nicola, Edward Van Sickle, Gabriella Belloni, Venancia Grangerard, Erica Yohn, Gary Kurtz, Connie Mason, Frank Pesce, Victor Pujols Faneyte, Julie Gregg, Larry Guardino, Buck Houghton, Richard Matheson, John Megna, Jay Rasumny, Filomena Spagnuolo, Julian Voloshin, Italia Coppola
"